Category	Date	Link	Description
Tezos protocol	3 May 2021	https://www.tezosagora.org/period/46	Florence, the sixth Tezos upgrade proposal, is only one week away from activation.
Tezos protocol	26 April 2021	https://www.tezosagora.org/period/45	Florence, the sixth Tezos upgrade proposal, reached quorum during its promotion phase with 100% Yay / 0% Nay.
Tezos protocol	22 April 2021	https://www.tezosagora.org/period/45	Florence, the sixth Tezos upgrade proposal, is in the Promotion Period of the Tezos governance process.
Development	4 May 2021	https://www.unlock-bc.com/news/2021-05-04/uae-smartcrowd-group-leverages-tezos-blockchain-platform-for-realestate-tokenization	UAE SmartCrowd Group utilizes Tezos for realestate tokenization.
Development	26 April 2021	https://medium.com/bender-labs/wrap-protocol-is-now-live-2d028e6d96b9	Bender Labs launched the WRAP protocol - a decentralized Ethereum-Tezos bridge.
Development	20 April 2021	https://umamiwallet.com/	Umami Wallet Beta is officially online. Umami is a Tezos desktop wallet that combines best-in-class features to deliver a smooth user experience for both beginner and advanced users.
Ecosystem	01 May 2021	https://better-call.dev/stats/mainnet/general	Tezos ended April with over 1.3 million total contract calls.
Ecosystem	26 April 2021	https://truesy.medium.com/introducing-truesy-857ca1293a7d 	Official launch of TRUESY - a new NFT art platform and marketplace featuring fine art, iconic figures, unique brands, designers, elite athletes, musicians, and entertainers.
Ecosystem	20 April 2021	https://twitter.com/LabosNomades/status/1384416527487754240	Ubisoft becomes a corporate baker on Tezos. 