{"Development & Engineering":[{"title":"Frontend Engineer","location":"New York/Remote","link":"https://boards.greenhouse.io/tqtezos/jobs/4206192003"},{"title":"Protocol Engineer","location":"London/New York/Remote","link":"https://boards.greenhouse.io/tqtezos/jobs/4206233003"},{"title":"Senior Software Engineer","location":"New York","link":"https://boards.greenhouse.io/tqtezos/jobs/4205842003"},{"title":"Software Engineer","location":"Paris/Remote","link":"https://nomadic-labs.com/download/software-engineer.pdf"},{"title":"Technical Product Manager","location":"London/New York/Remote","link":"https://boards.greenhouse.io/tqtezos/jobs/4206293003"},{"title":"Mobile Engineer","location":"Zug, Switzerland","link":"https://papers.join.com/jobs/1874122-mobile-engineer-100?widgetv2=true&pid=d73d1a20e99ab4ced633"},{"title":"Director of Engineering","location":"New York","link":"https://boards.greenhouse.io/tqtezos/jobs/4351600003"},{"title":"Game Designer - Emergents Trading Card Game","location":"New York","link":"https://boards.greenhouse.io/tqtezos/jobs/4442052003"},{"title":"Senior Game Designer - Emergents Trading Card Game","location":"New York","link":"https://boards.greenhouse.io/tqtezos/jobs/4442059003"},{"title":"Blockchain Data Engineer","location":"Remote / US / Germany","link":"https://blockwatch.cc/blog/jobs-blockchain-data-engineer-03-2021"},{"title":"Frontend Developer","location":"Remote / US / Germany","link":"https://blockwatch.cc/blog/frontend-developer-03-2021"},{"title":"Infrastructure Engineer","location":"Remote / US / Germany","link":"https://blockwatch.cc/blog/jobs-infrastructure-engineer-03-2021"}],"Communications & Marketing":[{"title":"Social Media Manager","location":"New York","link":"https://boards.greenhouse.io/tqtezos/jobs/4206241003"},{"title":"Editorial Assistant - New York (InterPop)","location":"New York","link":"https://boards.greenhouse.io/tqtezos/jobs/4442037003"},{"title":"Social Media Manager (InterPop)","location":"New York","link":"https://boards.greenhouse.io/tqtezos/jobs/4442063003"}]}