{"Tezos protocol":[{"publishedDate":"3 May 2021","link":"https://www.tezosagora.org/period/46","description":"Flarence, the sixth Tezos upgrade proposal, is only one week away from activation."},{"publishedDate":"26 April 2021","link":"https://www.tezosagora.org/period/45","description":"Florence, the sixth Tezos upgrade proposal, reached quorum during its promotion phase with 100% Yay / 0% Nay."},{"publishedDate":"22 April 2021","link":"https://www.tezosagora.org/period/45","description":"Florence, the sixth Tezos upgrade proposal, is in the Promotion Period of the Tezos governance process."}],"Development":[{"publishedDate":"4 May 2021","link":"https://www.unlock-bc.com/news/2021-05-04/uae-smartcrowd-group-leverages-tezos-blockchain-platform-for-realestate-tokenization","description":"UAE SmartCrowd Group utilizes Tezos for realestate tokenization."},{"publishedDate":"26 April 2021","link":"https://medium.com/bender-labs/wrap-protocol-is-now-live-2d028e6d96b9","description":"Bender Labs launched the WRAP protocol - a decentralized Ethereum-Tezos bridge."},{"publishedDate":"20 April 2021","link":"https://umamiwallet.com/","description":"Umami Wallet Beta is officially online. Umami is a Tezos desktop wallet that combines best-in-class features to deliver a smooth user experience for both beginner and advanced users."}],"Ecosystem":[{"publishedDate":"01 May 2021","link":"https://better-call.dev/stats/mainnet/general","description":"Tezos ended April with over 1.3 million total contract calls."},{"publishedDate":"26 April 2021","link":"https://truesy.medium.com/introducing-truesy-857ca1293a7d ","description":"Official launch of TRUESY - a new NFT art platform and marketplace featuring fine art, iconic figures, unique brands, designers, elite athletes, musicians, and entertainers."},{"publishedDate":"20 April 2021","link":"https://twitter.com/LabosNomades/status/1384416527487754240","description":"Ubisoft becomes a corporate baker on Tezos. "}]}